Proporção,proportion
Média,0.9138240574506283
Baixa,0.07540394973070018
Alta,0.010771992818671455
